{"cameraMode":{"drawMode":0,"name":"Shaded","section":"Shading Mode"},"sceneLighting":false,"audioPlay":false,"sceneViewState":{"m_AlwaysRefresh":false,"showFog":true,"showSkybox":false,"showFlares":true,"showImageEffects":true,"showParticleSystems":true,"showVisualEffectGraphs":true,"m_FxEnabled":true},"in2DMode":false,"pivot":{"x":459.73699951171877,"y":341.6679992675781,"z":22.381956100463868},"rotation":{"x":0.021626276895403863,"y":0.8675332069396973,"z":-0.03808843344449997,"w":0.4956386685371399},"size":15.109151840209961,"orthographic":false}