{"cameraMode":{"drawMode":0,"name":"Shaded","section":"Shading Mode"},"sceneLighting":false,"audioPlay":false,"sceneViewState":{"m_AlwaysRefresh":false,"showFog":true,"showSkybox":false,"showFlares":true,"showImageEffects":true,"showParticleSystems":true,"showVisualEffectGraphs":true,"m_FxEnabled":true},"in2DMode":false,"pivot":{"x":339.8301696777344,"y":3.995091676712036,"z":115.75276947021485},"rotation":{"x":-0.029266245663166047,"y":-0.9708505272865295,"z":0.16945497691631318,"w":-0.16742825508117677},"size":4.855741024017334,"orthographic":false}