{"cameraMode":{"drawMode":0,"name":"Shaded","section":"Shading Mode"},"sceneLighting":true,"audioPlay":false,"sceneViewState":{"m_AlwaysRefresh":false,"showFog":true,"showSkybox":false,"showFlares":true,"showImageEffects":true,"showParticleSystems":true,"showVisualEffectGraphs":true,"m_FxEnabled":true},"in2DMode":false,"pivot":{"x":0.06698977947235108,"y":2.9998271465301515,"z":-1.3466708660125733},"rotation":{"x":0.4296565353870392,"y":-0.1255946010351181,"z":0.060583725571632388,"w":0.8921946883201599},"size":5.276995658874512,"orthographic":false}