{"cameraMode":{"drawMode":0,"name":"Shaded","section":"Shading Mode"},"sceneLighting":false,"audioPlay":false,"sceneViewState":{"m_AlwaysRefresh":false,"showFog":true,"showSkybox":false,"showFlares":true,"showImageEffects":true,"showParticleSystems":true,"showVisualEffectGraphs":true,"m_FxEnabled":true},"in2DMode":false,"pivot":{"x":13.423797607421875,"y":0.49351024627685549,"z":0.31795215606689455},"rotation":{"x":-0.3711308240890503,"y":0.3941757380962372,"z":0.17802748084068299,"w":0.8218132257461548},"size":3.423997402191162,"orthographic":false}