{"cameraMode":{"drawMode":0,"name":"Shaded","section":"Shading Mode"},"sceneLighting":false,"audioPlay":false,"sceneViewState":{"m_AlwaysRefresh":false,"showFog":true,"showSkybox":false,"showFlares":true,"showImageEffects":true,"showParticleSystems":true,"showVisualEffectGraphs":true,"m_FxEnabled":true},"in2DMode":false,"pivot":{"x":0.9184147119522095,"y":-1.1542984247207642,"z":4.180307865142822},"rotation":{"x":0.031813353300094607,"y":-0.8359533548355103,"z":0.04940241575241089,"w":0.5457925200462341},"size":0.8660253882408142,"orthographic":false}