{"cameraMode":{"drawMode":0,"name":"Shaded","section":"Shading Mode"},"sceneLighting":false,"audioPlay":false,"sceneViewState":{"m_AlwaysRefresh":false,"showFog":true,"showSkybox":false,"showFlares":true,"showImageEffects":true,"showParticleSystems":true,"showVisualEffectGraphs":true,"m_FxEnabled":true},"in2DMode":false,"pivot":{"x":459.4516296386719,"y":342.3179016113281,"z":30.99722671508789},"rotation":{"x":-0.040792785584926608,"y":0.01708287186920643,"z":-0.0006776227965019643,"w":-0.9990400075912476},"size":1.9842422008514405,"orthographic":false}